{
    "train_loss": [
        0.18302001822739838,
        0.0665096215903759,
        0.05185642065480352,
        0.04292026860639453,
        0.03897644518874586,
        0.034505956806242466,
        0.03167004189454019,
        0.030852166237309575,
        0.031050918623805046,
        0.028544441144913436,
        0.028994490625336766,
        0.027860445948317648,
        0.025406586145982145,
        0.02763119009323418,
        0.0265467697288841,
        0.02435733415186405,
        0.02554920269176364,
        0.024989448115229608,
        0.02478045495226979,
        0.023628833587281406,
        0.02505589001812041,
        0.025737761240452527,
        0.024610352562740447,
        0.02503578122705221,
        0.023965414613485336,
        0.024098646198399364,
        0.023379001277498902,
        0.022926845494657754,
        0.021999043924733997,
        0.023679157253354788,
        0.022926482511684297,
        0.022285752720199524,
        0.022742976946756244,
        0.023877666890621187,
        0.024608897441066802,
        0.022692534187808634,
        0.021946402546018363,
        0.021350483992137015,
        0.02336909812875092,
        0.022512617288157344,
        0.02077568506356329,
        0.022644691029563548,
        0.021237318008206784,
        0.022538428800180553,
        0.02037524995394051,
        0.02283087295945734,
        0.022733833198435603,
        0.02180609288625419,
        0.021609940566122532,
        0.02151565838139504
    ],
    "val_loss": [
        0.08342259153723716,
        0.059307106956839564,
        0.048642972484230995,
        0.036461610533297065,
        0.039103095233440396,
        0.03165339976549149,
        0.03127266652882099,
        0.033133380487561225,
        0.028778347373008727,
        0.0350092213600874,
        0.02785263005644083,
        0.026061727292835714,
        0.025617218762636184,
        0.025884617120027542,
        0.028586029633879663,
        0.025405717082321644,
        0.023883045092225073,
        0.02678968869149685,
        0.025636178627610206,
        0.021683728601783515,
        0.024125371873378754,
        0.02682004775851965,
        0.029154623672366143,
        0.02435079887509346,
        0.025656993873417376,
        0.023701460659503938,
        0.025489350967109203,
        0.022613991051912308,
        0.022022437676787375,
        0.023939641751348974,
        0.021198579296469688,
        0.02421709094196558,
        0.02385528329759836,
        0.019055501092225313,
        0.027748006768524645,
        0.021929717622697353,
        0.02165014259517193,
        0.02389196362346411,
        0.025503475591540335,
        0.023534412682056426,
        0.02268140371888876,
        0.021668754518032074,
        0.02314890008419752,
        0.022744597122073173,
        0.021872089616954325,
        0.02418574597686529,
        0.018984986841678618,
        0.01944184172898531,
        0.0223131587728858,
        0.021290227212011813
    ],
    "val_psnr": [
        19.417324941441784,
        21.247100115631095,
        22.66022623810366,
        24.00706848617433,
        24.67576571160292,
        25.921028368773143,
        26.344752793915603,
        26.785788852241247,
        27.542704932620545,
        26.892633585863145,
        27.928168728602692,
        28.638323914739964,
        28.84905773496103,
        29.340983193645645,
        28.88346832457922,
        29.634448533720438,
        30.243110921771223,
        29.427902611070323,
        29.86353224044249,
        31.26686181109735,
        30.270098958169093,
        29.45448425368634,
        29.010158853460815,
        30.3939402743295,
        30.129855860486355,
        30.674208865707858,
        30.510309779896954,
        31.170666593503245,
        31.61893341616949,
        30.918078601465584,
        31.645053392242836,
        30.8594030481023,
        30.66250909929429,
        32.46730614480476,
        29.89169030580688,
        31.661315436777,
        31.35166396252099,
        30.710970691528594,
        30.21947252479144,
        30.895305839604777,
        31.461596332309295,
        31.683829132014193,
        30.76100966423464,
        31.352177304245895,
        31.891096078957197,
        30.977921434422903,
        32.95202494635466,
        32.51902556340035,
        31.78990190091083,
        31.68667711195775
    ],
    "val_ssim": [
        0.6017494797706604,
        0.6696276068687439,
        0.7139928936958313,
        0.7980774641036987,
        0.7939837574958801,
        0.8234569430351257,
        0.8292919397354126,
        0.8362722396850586,
        0.8398771286010742,
        0.8380905389785767,
        0.8524197340011597,
        0.8603423833847046,
        0.8674861192703247,
        0.8743961453437805,
        0.8574056625366211,
        0.8674745559692383,
        0.8730391263961792,
        0.8646615147590637,
        0.8617308735847473,
        0.8833333253860474,
        0.875073254108429,
        0.8726649284362793,
        0.8768354654312134,
        0.8799241185188293,
        0.8766437768936157,
        0.8808614611625671,
        0.8711351156234741,
        0.883189857006073,
        0.8862653970718384,
        0.8862687349319458,
        0.8859866261482239,
        0.887093186378479,
        0.882586658000946,
        0.9014581441879272,
        0.8750160336494446,
        0.8956112861633301,
        0.8806318044662476,
        0.8915361166000366,
        0.8845680356025696,
        0.885737419128418,
        0.8844224214553833,
        0.8893822431564331,
        0.891334056854248,
        0.8856152296066284,
        0.8930690884590149,
        0.880567729473114,
        0.9001015424728394,
        0.8972454071044922,
        0.8872923851013184,
        0.8947219848632812
    ]
}