{
    "train_loss": [
        0.07210489511489868,
        0.010394080600235611,
        0.00595192150794901,
        0.003583654121030122,
        0.0029350552562391386,
        0.002605352102546021,
        0.002313462291203905,
        0.0020745904941577463,
        0.002053824313043151,
        0.001908587370417081,
        0.00188453703885898,
        0.00190982015337795,
        0.0019021229614736511,
        0.0017059691599570215,
        0.0017374043993186206,
        0.0019027515183552169,
        0.0017968831380130723,
        0.0017071469657821581,
        0.0017686576698906719,
        0.001764000838738866,
        0.0016011016050470062,
        0.0015986921498551965,
        0.001627015160920564,
        0.0018065713680698535,
        0.0014547607715940103,
        0.001592078901012428,
        0.0015896702621830626,
        0.0015245786897139623,
        0.0016191387752769516,
        0.001717286862549372,
        0.0016461178616737015,
        0.0015083745020092465,
        0.0015135470617678947,
        0.0016930053010582925,
        0.0013953862275229768,
        0.0016149061120813712,
        0.001530853402800858,
        0.0015826063900021836,
        0.0015165931719820947,
        0.0015005729190306738,
        0.0014613766936236062,
        0.0015566405636491254,
        0.0014455653203185649,
        0.0015534414997091517,
        0.001394722270197235,
        0.0013652180336066523,
        0.0015709770625107922,
        0.001482147877686657,
        0.0014612430430133827,
        0.0014000343056977727
    ],
    "val_loss": [
        0.014715726487338543,
        0.00659704536665231,
        0.004443413461558521,
        0.0030190960969775915,
        0.0025888632982969282,
        0.0024670464801602064,
        0.0019643257022835315,
        0.0019535074243322015,
        0.002215721202082932,
        0.002289139817003161,
        0.002028807869646698,
        0.001977720542345196,
        0.0016666546231135725,
        0.001635905500734225,
        0.0017735594185069204,
        0.001691297849174589,
        0.001362254051491618,
        0.0015957068128045649,
        0.001864334277343005,
        0.001559374888893217,
        0.0016047376266214997,
        0.0015870694245677442,
        0.0018164980108849704,
        0.0017116036207880825,
        0.0016885720193386077,
        0.0017128238687291741,
        0.0016351245692931115,
        0.0015739156980998815,
        0.0017450025537982584,
        0.0012812437023967504,
        0.0015706551901530474,
        0.0014832936227321624,
        0.0016133531578816473,
        0.0012852927553467452,
        0.001506142661673948,
        0.00170243582688272,
        0.0015880292048677802,
        0.0016119675419759005,
        0.0017873546574264764,
        0.0016778242017608136,
        0.0016648369666654617,
        0.0014868450234644115,
        0.0016003011784050613,
        0.0015669358079321682,
        0.0015673034882638603,
        0.0013790672412142158,
        0.0012399744882714003,
        0.0014804805105086416,
        0.0017053680669050664,
        0.001765128830447793
    ],
    "val_psnr": [
        19.58936205279077,
        23.07488867564277,
        25.18439794214029,
        27.70737309518588,
        28.499716423807353,
        29.221818061561244,
        29.984045594806368,
        30.557117130656838,
        29.660118206845645,
        30.018533093993092,
        30.555394273229222,
        30.249519909170896,
        31.05654055792478,
        30.91747697053278,
        31.236290521775935,
        30.95341819885359,
        31.886417024418904,
        31.779056875071262,
        31.17875856410775,
        31.87728705680861,
        32.01093826428589,
        32.15711224009593,
        31.28075567459815,
        31.7740114712563,
        31.328692308203443,
        31.94397914615335,
        31.980847543105984,
        31.751051262715038,
        31.26314225526882,
        33.09432912375476,
        32.056376894680156,
        32.054856480839284,
        31.43825471087335,
        32.89305624456436,
        32.22829590130182,
        31.964368755881416,
        32.464912839317456,
        32.345571815502694,
        31.602370047773753,
        32.120646543127314,
        32.39133922683,
        32.84644454491529,
        32.29668846851527,
        32.44702964994099,
        32.998621993854485,
        32.910951825512264,
        33.21766141825058,
        32.996598943056384,
        32.279505038404764,
        32.49207178461809
    ],
    "val_ssim": [
        0.5834267139434814,
        0.7275547981262207,
        0.7856019735336304,
        0.8260599374771118,
        0.8416532278060913,
        0.8488327860832214,
        0.8668794631958008,
        0.8723301887512207,
        0.8544424176216125,
        0.8746159672737122,
        0.8786336779594421,
        0.874925434589386,
        0.8811750411987305,
        0.8873215913772583,
        0.883144736289978,
        0.8823398351669312,
        0.891185462474823,
        0.891943097114563,
        0.8890674710273743,
        0.8952313661575317,
        0.8960553407669067,
        0.8994674682617188,
        0.8864991068840027,
        0.8900384902954102,
        0.8920488357543945,
        0.897791862487793,
        0.8941448330879211,
        0.8988929986953735,
        0.8988534212112427,
        0.9050135612487793,
        0.8947752118110657,
        0.8972681164741516,
        0.9023523330688477,
        0.9009326100349426,
        0.8994715809822083,
        0.8955968618392944,
        0.9007731676101685,
        0.9003341794013977,
        0.8996914625167847,
        0.8985129594802856,
        0.8946094512939453,
        0.9053487777709961,
        0.9008191227912903,
        0.9062248468399048,
        0.9101235270500183,
        0.9042304158210754,
        0.9050281643867493,
        0.911059558391571,
        0.9060347676277161,
        0.9014661908149719
    ]
}