{
    "train_loss": [
        0.06570291670504957,
        0.01118450160138309,
        0.0066777631000149995,
        0.004419746401254088,
        0.0033499577868496997,
        0.0027407791378209366,
        0.0024371174920815976,
        0.002494883036706597,
        0.0022406558273360133,
        0.002204556060314644,
        0.002163614524761215,
        0.002004133936134167,
        0.0018090699886670336,
        0.0017835597012890504,
        0.001838951733952854,
        0.001917898893589154,
        0.0020342403440736234,
        0.001752201191993663,
        0.0016263754907413386,
        0.0017467480356572196
    ],
    "val_loss": [
        0.015397007670253515,
        0.008671060018241406,
        0.005112161580473185,
        0.004347775015048683,
        0.00349972810363397,
        0.0026855341740883885,
        0.002265748847275972,
        0.002633432822767645,
        0.0025428428896702828,
        0.0022153878700919448,
        0.0019636883516795933,
        0.0021526029682718217,
        0.001599423575680703,
        0.001930107909720391,
        0.0017637645709328354,
        0.0018886017729528247,
        0.001595554209779948,
        0.0022330366889946164,
        0.002281847270205617,
        0.0017620721249841154
    ],
    "val_psnr": [
        19.2237390288975,
        21.781142778736804,
        24.140241642984225,
        25.416520145838255,
        26.551711478267983,
        28.037044376357585,
        28.464333874003785,
        28.51967918815213,
        28.593824705668105,
        29.230673821868685,
        29.53804415743353,
        29.995792191165464,
        30.96379236172649,
        30.40268427938518,
        31.28890419573272,
        30.588131018953447,
        30.815005338724127,
        29.297424052010758,
        30.81746396508503,
        30.73001068576262
    ],
    "val_ssim": [
        0.5828959345817566,
        0.7038824558258057,
        0.7656124830245972,
        0.7876331806182861,
        0.8154187202453613,
        0.8384556770324707,
        0.8429945707321167,
        0.8454529643058777,
        0.8471857309341431,
        0.863998293876648,
        0.8618952035903931,
        0.8619356155395508,
        0.8765994310379028,
        0.8743064999580383,
        0.8796136975288391,
        0.8728238940238953,
        0.8846231698989868,
        0.8812199831008911,
        0.8806888461112976,
        0.874926745891571
    ]
}